Region,Beach,Time_Period,Bars,Catch
Hunter,Stockton,1950-1959,173.8104784,173.8104784
Hunter,Stockton,1960-1969,403.7811834,229.970705
Hunter,Stockton,1970-1979,555.6750384,151.893855
Hunter,Stockton,1980-1989,631.9428286,76.26779016
Hunter,Stockton,1990-1999,791.0388651,159.0960365
Hunter,Stockton,2000-2009,991.4319282,200.3930631
Hunter,Nobby's,1950-1959,225.8669887,225.8669887
Hunter,Nobby's,1960-1969,433.8468546,207.9798659
Hunter,Nobby's,1970-1979,548.6756064,114.8287518
Hunter,Nobby's,1980-1989,582.4331771,33.75757077
Hunter,Nobby's,1990-1999,622.7894738,40.35629663
Hunter,Nobby's,2000-2009,670.784604,47.99513024
Hunter,Newcastle,1950-1959,18.0917603,18.0917603
Hunter,Newcastle,1960-1969,38.51092778,20.41916749
Hunter,Newcastle,1970-1979,208.1373018,169.626374
Hunter,Newcastle,1980-1989,246.4531776,38.31587581
Hunter,Newcastle,1990-1999,284.0812156,37.62803803
Hunter,Newcastle,2000-2009,355.3006744,71.21945879
Hunter,Bar,1950-1959,215.5446292,215.5446292
Hunter,Bar,1960-1969,480,264.4553708
Hunter,Bar,1970-1979,652.5712812,172.5712812
Hunter,Bar,1980-1989,682.9790558,30.40777463
Hunter,Bar,1990-1999,720.3901838,37.41112804
Hunter,Bar,2000-2009,773.5420641,53.15188029
Hunter,Dixon Park,1970-1979,93.08859007,93.08859007
Hunter,Dixon Park,1980-1989,118.4802031,25.39161304
Hunter,Dixon Park,1990-1999,148.4974381,30.01723498
Hunter,Dixon Park,2000-2009,186.5253109,38.02787279
Hunter,Mereweather,1950-1959,131.5096168,131.5096168
Hunter,Mereweather,1960-1969,322.2328295,190.7232127
Hunter,Mereweather,1970-1979,421.1760287,98.94319919
Hunter,Mereweather,1980-1989,445.4707467,24.29471801
Hunter,Mereweather,1990-1999,478.9305836,33.45983693
Hunter,Mereweather,2000-2009,523.1341824,44.20359875
Hunter,Redhead,1950-1959,63.973416,63.973416
Hunter,Redhead,1960-1969,146.9219178,82.94850176
Hunter,Redhead,1970-1979,289.8133908,142.891473
Hunter,Redhead,1980-1989,335.9195814,46.10619059
Hunter,Redhead,1990-1999,405.8999591,69.98037771
Hunter,Redhead,2000-2009,469.3219139,63.42195484
Hunter,Blacksmiths,1950-1959,71.36055559,71.36055559
Hunter,Blacksmiths,1960-1969,172.8452399,101.4846843
Hunter,Blacksmiths,1970-1979,279.4708435,106.6256036
Hunter,Blacksmiths,1980-1989,301.574894,22.10405053
Hunter,Blacksmiths,1990-1999,380.1533166,78.57842259
Hunter,Blacksmiths,2000-2009,492.1058142,111.9524977
Hunter,Caves,1950-1959,38.70641547,38.70641547
Hunter,Caves,1960-1969,82.5393719,43.83295643
Hunter,Caves,1970-1979,145.7585773,63.21920536
Hunter,Caves,1980-1989,187.545013,41.7864357
Hunter,Caves,1990-1999,213.871365,26.32635205
Hunter,Caves,2000-2009,247.1670126,33.29564761
Hunter,Catherine Hill Bay,1950-1959,52.50223958,52.50223958
Hunter,Catherine Hill Bay,1960-1969,114.0265406,61.52430103
Hunter,Catherine Hill Bay,1970-1979,203.5061609,89.47962026
Hunter,Catherine Hill Bay,1980-1989,238.7831182,35.27695737
Hunter,Catherine Hill Bay,1990-1999,257.8473789,19.06426067
Hunter,Catherine Hill Bay,2000-2009,286.8314049,28.98402594
Central Coast,Lakes,1980-1989,10,10
Central Coast,Lakes,1990-1999,43.75031714,33.75031714
Central Coast,Lakes,2000-2009,93.47520835,49.72489121
Central Coast,Soldies,1980-1989,8.173447388,8.173447388
Central Coast,Soldies,1990-1999,45.6868942,37.51344681
Central Coast,Soldies,2000-2009,90.80330132,45.11640712
Central Coast,Entrance,1980-1989,3.996314273,3.996314273
Central Coast,Entrance,1990-1999,91.21548114,87.21916687
Central Coast,Entrance,2000-2009,187.4481405,96.23265939
Central Coast,Shelly,1980-1989,8.403210769,8.403210769
Central Coast,Shelly,1990-1999,41.62870938,33.22549862
Central Coast,Shelly,2000-2009,82.29087307,40.66216368
Central Coast,Terringal,1990-1999,9.63379555,9.63379555
Central Coast,Terringal,2000-2009,38.47534496,28.84154941
Central Coast,North Avoca,1990-1999,6.863418505,6.863418505
Central Coast,Avoca,1990-1999,19.76618635,19.76618635
Central Coast,Avoca,2000-2009,50.51323232,30.74704597
Central Coast,Copacabana,2000-2009,8.916329621,8.916329621
Central Coast,MacMasters,1980-1989,8.166040351,8.166040351
Central Coast,MacMasters,1990-1999,37.70806308,29.54202273
Central Coast,MacMasters,2000-2009,76.14245148,38.4343884
Central Coast,Kilcare,1980-1989,9.08741765,9.08741765
Central Coast,Kilcare,1990-1999,85.7910611,76.70364345
Central Coast,Kilcare,2000-2009,170.3786966,84.58763546
Central Coast,Umina,1980-1989,7.945862548,7.945862548
Central Coast,Umina,1990-1999,93.42103531,85.47517277
Central Coast,Umina,2000-2009,221.6612441,128.2402088
Sydney North,Palm ,1950-1959,64.86734369,64.86734369
Sydney North,Palm ,1960-1969,100.7906013,35.92325765
Sydney North,Palm ,1970-1979,233.158563,132.3679616
Sydney North,Palm ,1980-1989,359.6946449,126.5360819
Sydney North,Palm ,1990-1999,409.4002923,49.70564744
Sydney North,Palm ,2000-2009,477.8600489,68.4597566
Sydney North,Whale,1950-1959,49.2429981,49.2429981
Sydney North,Whale,1960-1969,72.73681209,23.49381399
Sydney North,Whale,1970-1979,137.8745852,65.13777316
Sydney North,Whale,1980-1989,166.2056301,28.33104481
Sydney North,Whale,1990-1999,184.8080402,18.60241014
Sydney North,Whale,2000-2009,209.6477564,24.83971617
Sydney North,Avalon,1950-1959,48.09272884,48.09272884
Sydney North,Avalon,1960-1969,60,11.90727116
Sydney North,Avalon,1970-1979,111.4989982,51.49899819
Sydney North,Avalon,1980-1989,192.4600903,80.96109209
Sydney North,Avalon,1990-1999,215.9982013,23.53811098
Sydney North,Avalon,2000-2009,239.5625999,23.56439869
Sydney North,Bagola,1950-1959,8.487592895,8.487592895
Sydney North,Bagola,1960-1969,30.20836558,21.72077268
Sydney North,Bagola,1970-1979,70.46532077,40.25695519
Sydney North,Bagola,1980-1989,109.4160232,38.95070245
Sydney North,Bagola,1990-1999,123.3075579,13.89153466
Sydney North,Bagola,2000-2009,137.248618,13.94106014
Sydney North,Newport,1970-1979,80.26483062,80.26483062
Sydney North,Newport,1980-1989,124.8267266,44.56189601
Sydney North,Newport,1990-1999,137.4160751,12.58934852
Sydney North,Newport,2000-2009,151.0169925,13.60091738
Sydney North,Mona Vale ,1950-1959,28.08109362,28.08109362
Sydney North,Mona Vale ,1960-1969,51.52073457,23.43964095
Sydney North,Mona Vale ,1970-1979,104.8428315,53.32209691
Sydney North,Mona Vale ,1980-1989,149.7060922,44.86326074
Sydney North,Mona Vale ,1990-1999,163.2410725,13.53498023
Sydney North,Mona Vale ,2000-2009,181.665278,18.42420554
Sydney North,Warriewood,1950-1959,5.318252509,5.318252509
Sydney North,Warriewood,1960-1969,22.45261698,17.13436447
Sydney North,Warriewood,1970-1979,71.20021502,48.74759805
Sydney North,Warriewood,1980-1989,105.5408358,34.34062076
Sydney North,Warriewood,1990-1999,124.2176068,18.67677098
Sydney North,Warriewood,2000-2009,139.227604,15.00999723
Sydney North,North Narrabeen,1970-1979,59.7031866,59.7031866
Sydney North,North Narrabeen,1980-1989,84.97846558,25.27527899
Sydney North,North Narrabeen,1990-1999,102.1115229,17.13305734
Sydney North,North Narrabeen,2000-2009,118.408747,16.29722406
Sydney North,Narrabeen,1950-1959,148.696121,148.696121
Sydney North,Narrabeen,1960-1969,286.9966834,138.3005625
Sydney North,Narrabeen,1970-1979,357.6969235,70.70024003
Sydney North,Narrabeen,1980-1989,422.4056694,64.70874596
Sydney North,Narrabeen,1990-1999,441.0554991,18.6498297
Sydney North,Narrabeen,2000-2009,470.1106181,29.05511898
Sydney North,Deewhy,1950-1959,24.62970489,24.62970489
Sydney North,Deewhy,1960-1969,54.90531474,30.27560985
Sydney North,Deewhy,1970-1979,90.23150712,35.32619238
Sydney North,Deewhy,1980-1989,128.2955437,38.06403656
Sydney North,Deewhy,1990-1999,141.8435952,13.54805147
Sydney North,Deewhy,2000-2009,154.0849582,12.24136302
Sydney North,Curl Curl,1950-1959,26.02847298,26.02847298
Sydney North,Curl Curl,1960-1969,51.82514927,25.79667629
Sydney North,Curl Curl,1970-1979,84.22251211,32.39736284
Sydney North,Curl Curl,1980-1989,114.5832303,30.36071816
Sydney North,Curl Curl,1990-1999,130.7914246,16.20819438
Sydney North,Harbord,1950-1959,12.59094611,12.59094611
Sydney North,Harbord,1960-1969,31.43546469,18.84451858
Sydney North,Harbord,1970-1979,47.50728245,16.07181776
Sydney North,Harbord,1980-1989,64.24079551,16.73351306
Sydney North,Harbord,1990-1999,75.786478,11.54568249
Sydney North,Harbord,2000-2009,91.25977813,15.47330013
Sydney North,Queenscliff,1950-1959,22.69937297,22.69937297
Sydney North,Queenscliff,1960-1969,55.66780383,32.96843086
Sydney North,Queenscliff,1970-1979,67.24601919,11.57821536
Sydney North,Queenscliff,1980-1989,75.39564788,8.149628681
Sydney North,Queenscliff,1990-1999,84.84455797,9.448910099
Sydney North,North Steyre,1970-1979,5.204387471,5.204387471
Sydney North,North Steyre,1990-1989,14.67392108,9.469533614
Sydney North,North Steyre,2000-2009,27.37103473,12.69711364
Sydney North,Manly ,1950-1959,57.57635035,57.57635035
Sydney North,Manly ,1960-1969,107.0992183,49.52286791
Sydney North,Manly ,1970-1979,129.3419692,22.24275093
Sydney North,Manly ,1980-1989,147.7191183,18.37714907
Sydney North,Manly ,1990-1999,165.3760419,17.65692366
Sydney North,Manly ,2000-2009,199.9332096,34.55716767
Sydney South ,Bondi,1950-1959,75.45780889,75.45780889
Sydney South ,Bondi,1960-1969,116.2474898,40.78968091
Sydney South ,Bondi,1970-1979,132.1242556,15.87676579
Sydney South ,Bondi,1980-1989,148.0899058,15.96565023
Sydney South ,Bondi,1990-1999,184.220851,36.13094516
Sydney South ,Bondi,2000-2009,243.3481768,59.12732578
Sydney South ,Bronte,1950-1959,36.63229989,36.63229989
Sydney South ,Bronte,1960-1969,81.80476812,45.17246823
Sydney South ,Bronte,1970-1979,112.9027043,31.09793619
Sydney South ,Bronte,1980-1989,136.7035472,23.80084293
Sydney South ,Bronte,1990-1999,158.7236513,22.02010411
Sydney South ,Bronte,2000-2009,201.1655372,42.44188585
Sydney South ,Coogee,1950-1959,32.41929348,32.41929348
Sydney South ,Coogee,1960-1969,52.13406628,19.7147728
Sydney South ,Coogee,1970-1979,68.03697455,15.90290827
Sydney South ,Coogee,1980-1989,72.89976691,4.862792357
Sydney South ,Coogee,1990-1999,101.2844038,28.3846369
Sydney South ,Coogee,2000-2009,161.0379873,59.75358349
Sydney South ,Maroubra,1950-1959,141.4738242,141.4738242
Sydney South ,Maroubra,1960-1969,206.9617614,65.4879372
Sydney South ,Maroubra,1970-1979,250.2429662,43.2812048
Sydney South ,Maroubra,1980-1989,291.8127098,41.56974356
Sydney South ,Maroubra,1990-1999,342.9817554,51.16904556
Sydney South ,Maroubra,2000-2009,428.3383429,85.35658756
Sydney South ,Wanda,1970-1979,48.19395835,48.19395835
Sydney South ,Wanda,1980-1989,70.97698726,22.78302892
Sydney South ,Wanda,1990-1999,90.53737417,19.56038691
Sydney South ,Wanda,2000-2009,125.0782754,34.54090123
Sydney South ,Elouera,1970-1979,31.47569507,31.47569507
Sydney South ,Elouera,1980-1989,61.05475298,29.57905791
Sydney South ,Elouera,1990-1999,76.12400651,15.06925353
Sydney South ,Elouera,2000-2009,105.5501309,29.42612438
Sydney South ,North Cronulla,1950-1959,234.3569054,234.3569054
Sydney South ,North Cronulla,1960-1969,444.1952114,209.838306
Sydney South ,North Cronulla,1970-1979,487.4757626,43.28055124
Sydney South ,North Cronulla,1980-1989,509.466529,21.99076644
Sydney South ,North Cronulla,1990-1999,522.1682176,12.70168858
Sydney South ,North Cronulla,2000-2009,553.9582034,31.78998581
Sydney South ,Cronulla,1950-1959,50.64830181,50.64830181
Sydney South ,Cronulla,1960-1969,163.4936379,112.8453361
Sydney South ,Cronulla,1970-1979,213.9863919,50.49275404
Sydney South ,Cronulla,1980-1989,247.7193452,33.73295326
Sydney South ,Cronulla,1990-1999,273.2891628,25.56981763
Sydney South ,Cronulla,2000-2009,328.3866248,55.09746199
Sydney South ,Warramolla,1970-1979,96.89290232,96.89290232
Sydney South ,Warramolla,1980-1989,178.5781412,81.68523887
Sydney South ,Warramolla,1990-1999,254.2882251,75.71008385
Sydney South ,Warramolla,2000-2009,417.9445999,163.6563748
Sydney South ,Garie,1970-1979,62.63477562,62.63477562
Sydney South ,Garie,1980-1989,137.0359925,74.40121686
Sydney South ,Garie,1990-1999,225.3370224,88.30102997
Sydney South ,Garie,2000-2009,364.5959974,139.258975
Illawarra,Coledale,1970-1979,18.77044821,18.77044821
Illawarra,Coledale,1980-1989,68.68530813,49.91485992
Illawarra,Coledale,1990-1999,89.68919583,21.0038877
Illawarra,Coledale,2000-2009,140.2152089,50.52601309
Illawarra,Austinmer,1950-1959,108.8154723,108.8154723
Illawarra,Austinmer,1960-1969,166.1142766,57.29880432
Illawarra,Austinmer,1970-1979,212.8130301,46.69875354
Illawarra,Austinmer,1980-1989,262.4458417,49.63281158
Illawarra,Austinmer,1990-1999,312.5484192,50.10257748
Illawarra,Austinmer,2000-2009,393.9712166,81.42279739
Illawarra,Thirroul,1950-1959,105.9387825,105.9387825
Illawarra,Thirroul,1960-1969,126.5505329,20.61175045
Illawarra,Thirroul,1970-1979,203.0798932,76.52936023
Illawarra,Thirroul,1980-1989,268.7981747,65.71828152
Illawarra,Thirroul,1990-1999,327.8041558,59.00598109
Illawarra,Thirroul,2000-2009,429.5408971,101.7367414
Illawarra,North Wollongong,1950-1959,37.84879678,37.84879678
Illawarra,North Wollongong,1960-1969,51.09853347,13.24973669
Illawarra,North Wollongong,1970-1979,61.57382651,10.47529304
Illawarra,North Wollongong,1980-1989,72.67377966,11.09995315
Illawarra,North Wollongong,1990-1999,86.89834051,14.22456084
Illawarra,North Wollongong,2000-2009,140.214047,53.31570652
Illawarra,South Wollongong,1950-1959,60.62470913,60.62470913
Illawarra,South Wollongong,1960-1969,82.65396311,22.02925398
Illawarra,South Wollongong,1970-1979,235.3593243,152.7053612
Illawarra,South Wollongong,1980-1989,327.1949633,91.83563894
Illawarra,South Wollongong,1990-1999,407.4881149,80.29315164
Illawarra,South Wollongong,2000-2009,554.4032066,146.9150917